{"offsets": [11031.59, 234886.24], "slopes": [1964.7747017543857, 2053.869830892608], "offsets_error": [85.52881262442922, 103.97314303396723], "slopes_error": [3.4560654468786147, 3.601442646109452]}
