{"offsets": [13942.281407035176, 242180.155], "slopes": [1961.4549050941048, 2054.0105765765766], "offsets_error": [35.451363838507724, 18.01425942728615], "slopes_error": [0.0128739758610849, 0.01334338994214882]}